round,n,density,seed,n_shots,p,sampler,post_recovery_best,optimality_gap
1,18,0.5,2,64,1,uniform_random,23.107332087409752,1.0
1,18,0.5,2,64,1,greedy,23.107332087409752,1.0
1,18,0.5,2,64,1,simulated_annealing,23.107332087409752,1.0
1,18,0.5,2,64,1,parallel_tempering,23.107332087409752,1.0
1,18,0.5,2,64,1,qaoa_p1,23.107332087409752,1.0
1,18,0.7,1,128,2,uniform_random,30.58380706513821,1.0
1,18,0.7,1,128,2,greedy,30.58380706513821,1.0
1,18,0.7,1,128,2,simulated_annealing,30.58380706513821,1.0
1,18,0.7,1,128,2,parallel_tempering,30.58380706513821,1.0
1,18,0.7,1,128,2,qaoa_p2,30.58380706513821,1.0
1,20,0.5,1,64,2,uniform_random,39.46183995465144,1.0
1,20,0.5,1,64,2,greedy,39.46183995465144,1.0
1,20,0.5,1,64,2,simulated_annealing,39.46183995465144,1.0
1,20,0.5,1,64,2,parallel_tempering,39.46183995465144,1.0
1,20,0.5,1,64,2,qaoa_p2,39.46183995465144,1.0
1,22,0.3,1,128,1,uniform_random,47.94905186273665,1.0
1,22,0.3,1,128,1,greedy,47.94905186273665,1.0
1,22,0.3,1,128,1,simulated_annealing,47.94905186273665,1.0
1,22,0.3,1,128,1,parallel_tempering,47.94905186273665,1.0
1,22,0.3,1,128,1,qaoa_p1,47.94905186273665,1.0
1,22,0.5,0,64,2,uniform_random,35.77066842050898,1.0
1,22,0.5,0,64,2,greedy,35.77066842050898,1.0
1,22,0.5,0,64,2,simulated_annealing,35.77066842050898,1.0
1,22,0.5,0,64,2,parallel_tempering,35.77066842050898,1.0
1,22,0.5,0,64,2,qaoa_p2,35.77066842050898,1.0
1,22,0.5,1,256,2,uniform_random,40.63415864184892,1.0
1,22,0.5,1,256,2,greedy,40.63415864184892,1.0
1,22,0.5,1,256,2,simulated_annealing,40.63415864184892,1.0
1,22,0.5,1,256,2,parallel_tempering,40.63415864184892,1.0
1,22,0.5,1,256,2,qaoa_p2,40.63415864184892,1.0
1,24,0.5,2,256,1,uniform_random,41.94706229239108,1.0
1,24,0.5,2,256,1,greedy,41.94706229239108,1.0
1,24,0.5,2,256,1,simulated_annealing,41.94706229239108,1.0
1,24,0.5,2,256,1,parallel_tempering,41.94706229239108,1.0
1,24,0.5,2,256,1,qaoa_p1,41.94706229239108,1.0
1,24,0.7,1,256,2,uniform_random,27.492323496739168,1.0
1,24,0.7,1,256,2,greedy,27.492323496739168,1.0
1,24,0.7,1,256,2,simulated_annealing,27.157438579026177,1.0
1,24,0.7,1,256,2,parallel_tempering,27.157438579026177,1.0
1,24,0.7,1,256,2,qaoa_p2,27.492323496739168,1.0
2,18,0.5,0,256,2,uniform_random,25.256247852325487,1.0
2,18,0.5,0,256,2,greedy,25.256247852325487,1.0
2,18,0.5,0,256,2,simulated_annealing,25.256247852325487,1.0
2,18,0.5,0,256,2,parallel_tempering,25.256247852325487,1.0
2,18,0.5,0,256,2,qaoa_p2,25.256247852325487,1.0
2,18,0.5,4,128,3,uniform_random,36.057581859960045,1.0
2,18,0.5,4,128,3,greedy,36.057581859960045,1.0
2,18,0.5,4,128,3,simulated_annealing,36.057581859960045,1.0
2,18,0.5,4,128,3,parallel_tempering,36.057581859960045,1.0
2,18,0.5,4,128,3,qaoa_p3,36.057581859960045,1.0
2,18,0.5,6,256,3,uniform_random,37.1979604488286,1.0
2,18,0.5,6,256,3,greedy,37.1979604488286,1.0
2,18,0.5,6,256,3,simulated_annealing,37.1979604488286,1.0
2,18,0.5,6,256,3,parallel_tempering,37.1979604488286,1.0
2,18,0.5,6,256,3,qaoa_p3,37.1979604488286,1.0
2,18,0.7,6,128,2,uniform_random,29.290149071368567,1.0
2,18,0.7,6,128,2,greedy,29.290149071368567,1.0
2,18,0.7,6,128,2,simulated_annealing,29.290149071368567,1.0
2,18,0.7,6,128,2,parallel_tempering,29.290149071368567,1.0
2,18,0.7,6,128,2,qaoa_p2,29.290149071368567,1.0
2,24,0.5,7,256,2,uniform_random,36.79550278323376,1.0
2,24,0.5,7,256,2,greedy,36.79550278323376,1.0
2,24,0.5,7,256,2,simulated_annealing,27.27309423054389,1.0
2,24,0.5,7,256,2,parallel_tempering,34.04983693939802,1.0
2,24,0.5,7,256,2,qaoa_p2,36.79550278323376,1.0
2,24,0.7,4,256,2,uniform_random,26.951644081282424,1.0
2,24,0.7,4,256,2,greedy,26.951644081282424,1.0
2,24,0.7,4,256,2,simulated_annealing,26.951644081282424,1.0
2,24,0.7,4,256,2,parallel_tempering,26.951644081282424,1.0
2,24,0.7,4,256,2,qaoa_p2,26.951644081282424,1.0
